logo,模型品牌,模型名,显示名称,发布时间,类型,子类型,输入价格,输出价格,缓存输入价格,区间定价,其他计费,上下文长度,尺寸,视觉能力,工具调用能力,JSON模式能力,前缀续写,FIM补全能力,其他功能,描述
https://sf-maas-uat-prod.oss-cn-shanghai.aliyuncs.com/Model_LOGO/longcat-bright.svg,meituan-longcat,meituan-longcat/LongCat-2.0,LongCat-2.0,2026-06-29,对话,chat,¥5.0 / M tokens,¥20.0 / M tokens,¥0.1 / M tokens,,,1M,1.6T,False,True,True,True,False,,LongCat-2.0 核心特性如下：1. 面向 Agent 开发场景，原生支持工具调用、多步推理和长上下文任务；2. 在代码开生成、自动化工作流和复杂指令执行上表现突出；3. 深度适配 Claude Code、OpenClaw、OpenCode 和 Kilo Code 等生产力工具。
https://sf-maas-uat-prod.oss-cn-shanghai.aliyuncs.com/Model_LOGO/Tongyi.svg,Qwen,Qwen/Qwen3.6-35B-A3B,Qwen3.6-35B-A3B,2026-04-16,对话,chat,¥1.8 / M tokens,¥10.8 / M tokens,,,,262K,35B,True,True,True,False,False,,Qwen3.6-35B-A3B 是通义千问团队推出的 Qwen3.6 系列大语言模型，采用混合专家（MoE）架构，拥有 350 亿总参数，每次推理仅激活约 30 亿参数，兼顾高效推理与优秀性能。模型支持思考与非思考双模式，可在快速响应与深度推理间灵活切换
https://sf-maas-uat-prod.oss-cn-shanghai.aliyuncs.com/Model_LOGO/Tongyi.svg,Qwen,Qwen/Qwen3.6-27B,Qwen3.6-27B,2026-04-22,对话,chat,¥3.0 / M tokens,¥18.0 / M tokens,,,,262K,27B,True,True,True,False,False,,"Qwen3.6-27B 是 Qwen3.6 系列首个开源的中小尺寸稠密模型，针对代码生成、Agent 工作流与真实开发场景进行了重点增强。相比 Qwen3.5-27B，该模型在前端开发、仓库级推理、工具调用与复杂问题求解等任务上均有明显提升，并新增历史推理上下文保留能力，可减少多轮交互中的重复推理，提升稳定性与执行效率。模型同时支持视觉理解，原生上下文长度为 262,144 tokens"
https://sf-maas-uat-prod.oss-cn-shanghai.aliyuncs.com/Model_LOGO/DeepSeek.svg,deepseek-ai,deepseek-ai/DeepSeek-V4-Pro,DeepSeek-V4-Pro,2026-04-23,对话,chat,¥12.0 / M tokens,¥24.0 / M tokens,¥0.1 / M tokens,,,1M,1.6T,False,True,True,False,False,,DeepSeek-V4-Pro 是 DeepSeek-V4 系列中的旗舰 MoE 语言模型，拥有 1.6T 总参数、49B 激活参数，原生支持 100 万 tokens 的超长上下文。该模型采用创新的混合注意力架构，结合压缩稀疏注意力（CSA）与高度压缩注意力（HCA），在 1M 上下文下仅需 DeepSeek-V3.2 的 27% 单 token 推理 FLOPs 和 10% KV 缓存。模型还引入流形约束超连接（mHC）增强层间信号传播稳定性，并采用 Muon 优化器加速收敛。DeepSeek-V4-Pro 在超过 32T 高质量多样化 tokens 上预训练，后训练采用“领域专家独立培养 + 在线策略蒸馏统一整合”的两阶段范式。其最大推理强度模式 DeepSeek-V4-Pro-Max 在编程基准上取得顶尖表现，并在推理与 Agentic 任务上大幅缩小与领先闭源模型的差距，是目前最强的开源模型之一，支持 Non-think、Think High、Think Max 三种推理强度模式
https://sf-maas.s3.us-east-1.amazonaws.com/Model_LOGO/NEX.svg,nex-agi,nex-agi/Nex-N2-Pro,Nex-N2-Pro,2026-06-02,对话,chat,¥1.75 / M tokens,¥7.0 / M tokens,¥0.175 / M tokens,,,262K,397B,True,True,True,True,False,,Nex-N2 是具备能动性的思考模型，能够自适应地决定何时进行推理以及推理应达到多深，通过统一思考范式处理编码、搜索和工具等任务，具有很强的泛化能力。  核心亮点： 1. 在 SWE-Pro、Terminal Bench 2.1、Tau3、WildClawBench等评测中，位列开源模型 SOTA 2. 在能动性编码（端到端开发流程）、深度搜索（BrowserComp、Wild Search、FinSearch）以及现实生产力任务（GDP Val）方面表现顶尖 3. 自适应思维：每一步自动调整推理深度；相比始终开启推理，可减少 30–50% 的思维 token，同时保持同等或更优性能 4. 可与 Claude Code、Cursor、OpenClaw 以及各类代理式框架即插即用地集成
https://sf-maas-uat-prod.oss-cn-shanghai.aliyuncs.com/Model_LOGO/moonshotai_new.png,moonshotai,moonshotai/Kimi-K2.7-Code,Kimi-K2.7-Code,2026-06-11,对话,chat,¥6.5 / M tokens,¥27.0 / M tokens,¥1.3 / M tokens,,,262K,1T,True,True,True,False,False,,Kimi K2.7 Code 是 Moonshot AI 推出的面向代码任务的 agentic 模型，基于 Kimi K2.6 构建，在真实世界长程代码任务中有显著提升，可增强复杂软件工程工作流中的端到端任务完成能力，并将思考 token 使用量相比 Kimi K2.6 降低约 30%。该模型采用 MoE 架构，总参数量为 1T，激活参数量为 32B，支持 256K 上下文长度，并支持图像输入、视频输入、Thinking mode、Preserve Thinking 与多步工具调用
https://sf-maas-uat-prod.oss-cn-shanghai.aliyuncs.com/Model_LOGO/zhipu.svg,zai,zai-org/GLM-5.2,GLM-5.2,2026-06-16,对话,chat,¥8.0 / M tokens,¥28.0 / M tokens,¥2.0 / M tokens,,,1M,753B,False,True,True,False,False,,GLM-5.2 是 Z.ai 最新的旗舰模型，面向长程任务场景，相比 GLM-5.1 在长程任务能力上有显著提升。该 753B 模型支持稳定的 1M-token 上下文，具备更强的编程能力，并支持多种 thinking effort levels，以在性能和延迟之间进行灵活平衡。GLM-5.2 引入 IndexShare 架构优化，在 1M 上下文长度下将 per-token FLOPs 降低 2.9 倍，同时改进 MTP layer 以支持 speculative decoding，使 acceptance length 最高提升 20%
https://sf-maas-uat-prod.oss-cn-shanghai.aliyuncs.com/Model_LOGO/TeleAI.svg,DianXin,TeleAI/TeleSpeechASR,TeleSpeechASR,2025-09-04,音频,speech-to-text,,,,,utf8-bytes: ¥0.0 / 千字符（UTF-8）,0,0B,False,False,False,False,False,语音识别,中国电信星辰语音识别大模型自2024年5月全国首发以来，开创了业内首个中英文及30种方言自由混说的语音识别技术范式，彻底打破传统“单一方言单独建模”的碎片化格局。目前支持方言已达60种，在中国信通院、中国电子技术标准化研究院等多项评测中，识别效果均处于业内头部水平。在公开测试集层面，模型在主流基准上整体保持竞争力：普通话朗读（Aishell2）字级别准确率 97.25%，英语朗读（librispeech_clean）98.04%，在普通话会议（test_meeting）上字准达94.26%、方言朗读（kespeech）达94.73%及粤语短会议达（WS-yue short）93.32%。在电话客服、政务热线、智慧家庭等复杂多方言生产场景中，领先业内主要竞品，并已规模化落地，月调用量超4亿次，是一套在千万级用户真实使用中反复打磨的工业级语音识别解决方案
https://sf-maas-uat-prod.oss-cn-shanghai.aliyuncs.com/Model_LOGO/zhipu.svg,zai,Pro/zai-org/GLM-5.1,GLM-5.1 (Pro),2026-04-07,对话,chat,¥6.0 / M tokens,¥24.0 / M tokens,¥1.3 / M tokens,"输入 [0,32k) ¥ 6.0 / [32k,inf) ¥ 8.0，输出 [0,32k) ¥ 24.0 / [32k,inf) ¥ 28.0",,202K,754B,False,True,True,True,True,,GLM-5.1 是面向智能体工程的下一代旗舰模型，采用混合专家（MoE）架构，拥有 754B 参数。该模型编程能力显著增强，在 SWE-Bench Pro 上取得了领先水平，在 NL2Repo（仓库生成）和 Terminal-Bench 2.0（真实终端任务）等基准上大幅领先前代。GLM-5.1 专为长周期智能体任务设计，能够以更好的判断力处理模糊问题，拆解复杂任务、执行实验、分析结果，并在数百轮迭代和数千次工具调用中持续优化
https://sf-maas-uat-prod.oss-cn-shanghai.aliyuncs.com/Model_LOGO/moonshotai_new.png,moonshotai,Pro/moonshotai/Kimi-K2.6,Kimi-K2.6 (Pro),2026-04-20,对话,chat,¥6.5 / M tokens,¥27.0 / M tokens,¥1.1 / M tokens,,,262K,1T,True,True,True,True,False,,"Kimi K2.6 是月之暗面（Moonshot AI）开源的原生多模态智能体模型，在 HLE（含工具）、SWE-Bench Pro、BrowseComp 等多项主流榜单上取得开源最优水平。 模型采用 MoE 架构，总参数量 1T，激活参数 32B，支持 256K tokens 上下文，并通过 MoonViT 视觉编码器支持图像与视频输入。 K2.6 专为智能体场景优化：支持 4,000+ 次工具调用与超 12 小时持续自主执行；多智能体协作可扩展至 300 个并行子智能体 × 4,000 步，单次运行生成 100+ 文件；同时支持思考（Thinking）与即时（Instant）双推理模式，以及 Function Call 与多轮思维链保留能力"
https://sf-maas-uat-prod.oss-cn-shanghai.aliyuncs.com/Model_LOGO/DeepSeek.svg,deepseek-ai,deepseek-ai/DeepSeek-V4-Flash,DeepSeek-V4-Flash,2026-04-23,对话,chat,¥1.0 / M tokens,¥2.0 / M tokens,¥0.02 / M tokens,,,1M,284B,False,True,True,False,False,,DeepSeek-V4-Flash 是 DeepSeek-V4 系列中的预览版 MoE 语言模型，总参数量为 284B，激活参数量为 13B，支持 1M tokens 超长上下文。该模型采用结合 CSA 与 HCA 的混合注意力架构，并引入 mHC 与 Muon Optimizer，以提升长上下文推理效率、训练稳定性与整体性能。根据页面说明，模型经过超过 32T 高质量 tokens 的预训练，并支持 Non-think、Think High、Think Max 三种推理模式，适用于日常问答、复杂分析、长文本理解与代码等多类任务
https://sf-maas-uat-prod.oss-cn-shanghai.aliyuncs.com/Model_LOGO/Tongyi.svg,Tongyi-MAI,Tongyi-MAI/Z-Image,Z-Image,2026-01-26,生图,text-to-image,,,,,image-cnt: ¥0.3 / 图片,0,6B,False,False,False,False,False,微调,Z-Image 是 Z-Image（造相）系列的图像生成基础模型，采用单流 Diffusion Transformer 架构，面向高质量生成、稳定的生成多样性、广泛的风格覆盖和精准的提示词遵循能力。与面向速度优化的 Z-Image-Turbo 不同，Z-Image 是未蒸馏的全容量 Transformer 模型，支持完整的 Classifier-Free Guidance（CFG）和负向提示词控制，适合复杂提示词工程、专业创作流程、LoRA 训练、ControlNet 结构条件控制和语义条件控制等开发场景
https://sf-maas-uat-prod.oss-cn-shanghai.aliyuncs.com/Model_LOGO/Tongyi.svg,Tongyi-MAI,Tongyi-MAI/Z-Image-Turbo,Z-Image-Turbo,2025-11-25,生图,text-to-image,,,,,image-cnt: ¥0.1 / 图片,0,6B,False,False,False,False,False,,Z-Image-Turbo 是 Z-Image 系列的 6B 文生图模型，是 Z-Image 的蒸馏版本，采用 Scalable Single-Stream DiT（S3-DiT）架构，通过 Decoupled-DMD 与强化学习后训练实现高效少步生成。该模型仅需 8 次 NFEs 即可生成高质量图像，并可在 16G VRAM 消费级设备上运行。Z-Image-Turbo 擅长写实图像生成、中英文双语文本渲染和稳健的指令遵循，适合对生成质量与推理速度都有较高要求的文生图场景
https://sf-maas-uat-prod.oss-cn-shanghai.aliyuncs.com/Model_LOGO/Tongyi.svg,Qwen,Qwen/Qwen2.5-14B-Instruct,Qwen2.5-14B-Instruct,2024-09-17,对话,chat,¥0.7 / M tokens,¥0.7 / M tokens,,,,32K,14B,False,True,True,True,False,微调,Qwen2.5-14B-Instruct 是阿里云发布的最新大语言模型系列之一。该 14B 模型在编码和数学等领域具有显著改进的能力。该模型还提供了多语言支持，覆盖超过 29 种语言，包括中文、英文等。模型在指令跟随、理解结构化数据以及生成结构化输出（尤其是 JSON）方面都有显著提升
https://sf-maas-uat-prod.oss-cn-shanghai.aliyuncs.com/Model_LOGO/baidu.svg,baidu,baidu/ERNIE-Image-Turbo,ERNIE-Image-Turbo,2026-04-26,生图,text-to-image,,,,,image-cnt: ¥0.11 / 图片,0,8B,False,False,False,False,False,,ERNIE-Image-Turbo 是百度 ERNIE-Image 团队开发的开源文生图模型，是 ERNIE-Image 的蒸馏版本，基于同一单流 Diffusion Transformer（DiT）系列构建。该 8B 模型面向快速图像生成，仅需 8 个推理步即可生成高质量图像，并在复杂指令跟随、文本渲染和结构化图像生成方面表现突出，适用于海报、漫画、多面板布局等兼顾视觉质量与生成效率的内容创作场景。模型还支持写实摄影、设计风格和风格化审美等多种视觉风格，并可在 24G VRAM 消费级 GPU 上运行
https://sf-maas-uat-prod.oss-cn-shanghai.aliyuncs.com/Model_LOGO/Stepfun.svg,stepfun-ai,stepfun-ai/Step-3.5-Flash,Step-3.5-Flash,2026-02-01,对话,chat,¥0.7 / M tokens,¥2.1 / M tokens,,,,262K,196B,False,True,False,True,False,,Step 3.5 Flash 是阶跃星辰最强大的开源基础模型，采用稀疏混合专家（MoE）架构，总参数 196B，每个 token 仅激活 11B 参数。模型支持 256K 上下文窗口，通过 3 路多 token 预测（MTP-3）实现 100-300 tok/s 的生成吞吐量。在编程和 Agent 任务上表现优异，SWE-bench Verified 达到 74.4%，Terminal-Bench 2.0 达到 51.0%
https://sf-maas-uat-prod.oss-cn-shanghai.aliyuncs.com/Model_LOGO/Tongyi.svg,Qwen,Qwen/Qwen3.5-35B-A3B,Qwen3.5-35B-A3B,2026-02-24,对话,chat,¥0.4 / M tokens,¥3.2 / M tokens,,"输入 [0,128k) ¥ 0.4 / [128k,inf) ¥ 1.6，输出 [0,128k) ¥ 3.2 / [128k,inf) ¥ 12.8",,262K,35B,True,True,True,False,False,,Qwen3.5-35B-A3B 是通义千问团队推出的原生多模态大语言模型，总参数量 35B，激活参数量仅 3B。该模型采用门控 Delta 网络与稀疏混合专家（MoE）相结合的高效混合架构，原生支持 256K 上下文长度，并可扩展至约 100 万 tokens。模型通过早期融合训练实现了统一的视觉语言基础能力，支持文本、图像和视频理解，在推理、编程、智能体和视觉理解等多项基准测试中表现优异。模型默认启用思考模式（Thinking Mode），支持工具调用，并覆盖 201 种语言和方言
https://sf-maas-uat-prod.oss-cn-shanghai.aliyuncs.com/Model_LOGO/Tongyi.svg,Qwen,Qwen/Qwen3.5-4B,Qwen3.5-4B,2026-03-02,对话,chat,¥0.0 / M tokens,¥0.0 / M tokens,,,,262K,4B,True,True,True,False,False,,Qwen3.5-4B 是通义千问团队推出的原生多模态大语言模型，拥有 4B 参数，是 Qwen3.5 系列中最轻量的 Dense 模型。该模型采用门控 Delta 网络与门控注意力相结合的高效混合架构，原生支持 256K 上下文长度，并可扩展至约 100 万 tokens。模型通过早期融合训练实现了统一的视觉语言基础能力，支持文本、图像和视频理解，在同规模模型中表现优异，多项指标超越 GPT-5-Nano 和 Gemini-2.5-Flash-Lite。模型默认启用思考模式（Thinking Mode），支持工具调用，并覆盖 201 种语言和方言
https://sf-maas-uat-prod.oss-cn-shanghai.aliyuncs.com/Model_LOGO/Tongyi.svg,Qwen,Qwen/Qwen3.5-9B,Qwen3.5-9B,2026-03-02,对话,chat,¥0.5 / M tokens,¥4.0 / M tokens,,"输入 [0,128k) ¥ 0.5 / [128k,inf) ¥ 1.5，输出 [0,128k) ¥ 4.0 / [128k,inf) ¥ 12.0",,262K,9B,True,True,True,False,False,,Qwen3.5-9B 是通义千问团队推出的原生多模态大语言模型，拥有 9B 参数。作为 Qwen3.5 系列的轻量级 Dense 模型，它采用门控 Delta 网络与门控注意力相结合的高效混合架构，原生支持 256K 上下文长度，并可扩展至约 100 万 tokens。模型通过早期融合训练实现了统一的视觉语言基础能力，支持文本、图像和视频理解。模型默认启用思考模式（Thinking Mode），支持工具调用，并覆盖 201 种语言和方言
https://sf-maas-uat-prod.oss-cn-shanghai.aliyuncs.com/Model_LOGO/minimax-color.svg,MiniMaxAI,MiniMaxAI/MiniMax-M2.5,MiniMax-M2.5,2026-02-12,对话,chat,¥2.1 / M tokens,¥8.4 / M tokens,¥0.21 / M tokens,,,196K,229B,False,True,True,True,False,,MiniMax-M2.5 是 MiniMax 推出的最新大语言模型，通过在数十万个复杂真实环境中进行大规模强化学习训练。该模型采用 MoE 架构，拥有 2290 亿参数，在编程、智能体工具调用与搜索、办公场景等任务中达到业界领先水平，在 SWE-Bench Verified 上取得 80.2% 的成绩，推理速度比前代 M2.1 提升 37%
https://sf-maas-uat-prod.oss-cn-shanghai.aliyuncs.com/Model_LOGO/Tongyi.svg,Qwen,Qwen/Qwen3-VL-Reranker-8B,Qwen3-VL-Reranker-8B,2026-01-27,对话,reranker,¥0.7 / M tokens,,,,input-image-tokens: ¥1.8 / M tokens,32K,8B,False,False,False,False,False,,Qwen3-VL-Reranker 是 Qwen3 多模态重排序模型系列的最新专有模型，专为视觉-语言相关性建模与精排决策任务设计。该模型基于 Qwen3 系列高性能视觉语言密集基础模型构建，具备强大的跨模态语义对齐与细粒度理解能力，可对文本、图像及其组合进行高精度相关性打分与排序判断。模型支持长上下文输入，能够处理复杂查询、多候选内容与多轮语义条件，在多模态检索增强生成（RAG）、跨模态搜索、内容推荐与审核等场景中显著提升最终结果质量。继承 Qwen3 系列卓越的多语言与视觉推理能力，Qwen3-VL-Reranker 在跨语言与复杂语义匹配任务中表现稳定可靠，并支持指令感知与任务自适应优化，帮助开发者针对不同业务目标实现更高相关性与转化效率。
https://sf-maas-uat-prod.oss-cn-shanghai.aliyuncs.com/Model_LOGO/Tongyi.svg,Qwen,Qwen/Qwen3-VL-Embedding-8B,Qwen3-VL-Embedding-8B,2026-01-11,对话,embedding,¥0.7 / M tokens,,,,input-image-tokens: ¥1.8 / M tokens,32K,8B,False,False,False,False,False,,Qwen3-VL-Embedding 是 Qwen3 多模态模型体系中的新一代视觉-语言嵌入模型，专为跨模态语义理解、检索与排序任务设计。该模型基于 Qwen3 系列高性能视觉语言基础模型构建，能够将文本、图像及其组合统一映射到高质量向量空间，实现精准的跨模态语义对齐。模型支持长上下文输入与高维嵌入表示，兼顾细粒度语义表达与大规模检索效率，广泛适用于多模态搜索、RAG 知识增强、内容推荐、相似度计算与智能审核等场景。继承 Qwen3 系列卓越的多语言与视觉理解能力，Qwen3-VL-Embedding 在复杂语义推理与跨语言跨模态任务中表现出色，并支持灵活的输出维度与任务指令感知能力，帮助开发者针对不同业务场景进行高效优化。
https://sf-maas-uat-prod.oss-cn-shanghai.aliyuncs.com/Model_LOGO/Tongyi.svg,Qwen,Qwen/Qwen3.5-27B,Qwen3.5-27B,2026-02-24,对话,chat,¥0.6 / M tokens,¥4.8 / M tokens,,"输入 [0,128k) ¥ 0.6 / [128k,inf) ¥ 1.8，输出 [0,128k) ¥ 4.8 / [128k,inf) ¥ 14.4",,262K,27B,True,True,True,False,False,,Qwen3.5-27B 是通义千问团队推出的原生多模态大语言模型，拥有 27B 参数。该模型采用门控 Delta 网络与门控注意力相结合的高效混合架构，原生支持 256K 上下文长度，并可扩展至约 100 万 tokens。模型通过早期融合训练实现了统一的视觉语言基础能力，支持文本、图像和视频理解，在推理、编程、智能体和视觉理解等多项基准测试中表现优异，多项指标超越 Qwen3-235B-A22B 和 GPT-5-mini。模型默认启用思考模式（Thinking Mode），支持工具调用，并覆盖 201 种语言和方言
https://sf-maas-uat-prod.oss-cn-shanghai.aliyuncs.com/Model_LOGO/Tongyi.svg,Qwen,Qwen/Qwen3.5-122B-A10B,Qwen3.5-122B-A10B,2026-02-25,对话,chat,¥0.8 / M tokens,¥6.4 / M tokens,,"输入 [0,128k) ¥ 0.8 / [128k,inf) ¥ 2.0，输出 [0,128k) ¥ 6.4 / [128k,inf) ¥ 16.0",,262K,122B,True,True,True,False,False,,Qwen3.5-122B-A10B 是通义千问团队推出的原生多模态大语言模型，总参数量 122B，激活参数量仅 10B。该模型采用门控 Delta 网络与稀疏混合专家（MoE）相结合的高效混合架构，原生支持 256K 上下文长度，并可扩展至约 100 万 tokens。模型通过早期融合训练实现了统一的视觉语言基础能力，支持文本、图像和视频理解，在知识、推理、编程、智能体、视觉理解和多语言等多项基准测试中表现优异，并在多项指标上超越 GPT-5-mini 和 Qwen3-235B-A22B。模型默认启用思考模式（Thinking Mode），支持工具调用，并覆盖 201 种语言和方言
https://sf-maas-uat-prod.oss-cn-shanghai.aliyuncs.com/Model_LOGO/Tongyi.svg,Qwen,Qwen/Qwen3.5-397B-A17B,Qwen3.5-397B-A17B,2026-02-15,对话,chat,¥1.2 / M tokens,¥7.2 / M tokens,,"输入 [0,128k) ¥ 1.2 / [128k,inf) ¥ 3.0，输出 [0,128k) ¥ 7.2 / [128k,inf) ¥ 18.0",,262K,397B,True,True,True,True,False,,Qwen3.5-397B-A17B 是通义千问系列的最新视觉语言模型，采用混合专家架构（MoE），总参数量 397B，激活参数 17B。模型原生支持 256K 上下文长度，可扩展至约 1M tokens。支持 201 种语言，具备统一的视觉语言理解能力、工具调用和推理思考模式
https://sf-maas-uat-prod.oss-cn-shanghai.aliyuncs.com/Model_LOGO/minimax-color.svg,MiniMaxAI,Pro/MiniMaxAI/MiniMax-M2.5,MiniMax-M2.5 (Pro),2026-02-12,对话,chat,¥2.1 / M tokens,¥8.4 / M tokens,¥0.21 / M tokens,,,196K,229B,False,True,True,True,False,,MiniMax-M2.5 是 MiniMax 推出的最新大语言模型，通过在数十万个复杂真实环境中进行大规模强化学习训练。该模型采用 MoE 架构，拥有 2290 亿参数，在编程、智能体工具调用与搜索、办公场景等任务中达到业界领先水平，在 SWE-Bench Verified 上取得 80.2% 的成绩，推理速度比前代 M2.1 提升 37%
https://sf-maas-uat-prod.oss-cn-shanghai.aliyuncs.com/Model_LOGO/baidu.svg,baidu,PaddlePaddle/PaddleOCR-VL-1.5,PaddleOCR-VL-1.5,2026-01-28,对话,chat,¥0.0 / M tokens,¥0.0 / M tokens,,,,0,1B,True,False,True,False,False,,PaddleOCR-VL-1.5 是 PaddleOCR-VL 系列的全新升级版本，在文档解析权威评测集 OmniDocBench v1.5 上取得 94.5% 的精度，超越全球顶尖通用大模型与文档解析专用模型。该版本创新支持文档元素的异形框定位，在扫描、倾斜、屏幕拍摄等真实场景下表现稳健，全面保持 SOTA 性能。同时，模型集成印章识别与文本检测识别任务，关键指标持续领先，推动部署效率与精准度双重提升。
https://sf-maas-uat-prod.oss-cn-shanghai.aliyuncs.com/Model_LOGO/DeepSeek.svg,deepseek-ai,deepseek-ai/DeepSeek-V3.2,DeepSeek-V3.2,2025-11-30,对话,chat,¥4.0 / M tokens,¥6.0 / M tokens,¥0.2 / M tokens,,,163K,671B,False,True,True,True,False,,DeepSeek-V3.2 是一款兼具高计算效率与卓越推理和 Agent 性能的模型。其方法建立在三大关键技术突破之上：DeepSeek 稀疏注意力（DSA），一种高效的注意力机制，在保持模型性能的同时显著降低了计算复杂性，并特别针对长上下文场景进行了优化；可扩展的强化学习框架，通过该框架，模型性能可与 GPT-5 相媲美，其高算力版本在推理能力上可与 Gemini-3.0-Pro 匹敌；以及大规模 Agent 任务合成管线，旨在将推理能力整合到工具使用场景中，从而提高在复杂交互环境中的指令遵循和泛化能力。该模型在 2025 年国际数学奥林匹克（IMO）和国际信息学奥林匹克（IOI）中取得了金牌表现
https://sf-maas-uat-prod.oss-cn-shanghai.aliyuncs.com/Model_LOGO/Tongyi.svg,Qwen,Qwen/Qwen-Image,Qwen-Image,2025-08-03,生图,text-to-image,,,,,image-cnt: ¥0.3 / 图片,0,20B,False,False,False,False,False,,Qwen-Image 是由阿里巴巴通义千问团队发布的图像生成基础模型，拥有 200 亿参数。该模型在复杂的文本渲染和精确的图像编辑方面取得了显著进展，尤其擅长生成包含高保真度中英文文字的图像。Qwen-Image 不仅能够处理多行布局和段落级文本，还能在生成图像时保持排版的连贯性和上下文的和谐。除了卓越的文本渲染能力，该模型还支持广泛的艺术风格，从写实照片到动漫美学，能够灵活适应各种创作需求。同时，它也具备强大的图像编辑和理解能力，支持风格迁移、物体增删、细节增强、文本编辑乃至人体姿态操控等高级操作，旨在成为一个集语言、布局和图像于一体的综合性智能视觉创作与处理基础模型
https://sf-maas-uat-prod.oss-cn-shanghai.aliyuncs.com/Model_LOGO/Tongyi.svg,Qwen,Qwen/Qwen-Image-Edit,Qwen-Image-Edit,2025-08-17,生图,text-to-image,,,,,image-cnt: ¥0.3 / 图片,0,20B,False,False,False,False,False,,Qwen-Image-Edit 是由阿里巴巴通义千问团队发布的 Qwen-Image 的图像编辑版本。该模型基于 20B 参数的 Qwen-Image 模型进行深入训练，将其独特的文本渲染能力成功扩展至图像编辑领域，实现了对图片中文字的精准编辑。此外，Qwen-Image-Edit 采用了一种创新的架构，将输入图像同时送入 Qwen2.5-VL（用于视觉语义控制）和 VAE Encoder（用于视觉外观控制），从而兼具语义与外观的双重编辑能力。这意味着它不仅支持元素的添加、删除或修改等局部外观编辑，还支持如 IP 创作、风格迁移等需要保持语义一致性的高阶视觉语义编辑。模型在多个公开基准测试中展现了顶尖（SOTA）的性能，使其成为一个强大的图像编辑基础模型
https://sf-maas-uat-prod.oss-cn-shanghai.aliyuncs.com/Model_LOGO/Tongyi.svg,Wan,Wan-AI/Wan2.2-T2V-A14B,Wan2.2-T2V-A14B,2025-07-27,视频,text-to-video,,,,,video-cnt: ¥2.0 / 视频,0,27B,False,False,False,False,False,,Wan2.2-T2V-A14B 是由阿里巴巴发布的、业界首个采用混合专家（MoE）架构的开源视频生成模型。该模型专注于文本到视频（Text-to-Video）的生成任务，能够制作时长 5 秒、分辨率为 480P 或 720P 的视频。通过引入 MoE 架构，模型在保持推理成本几乎不变的情况下扩大了总容量；其包含一个处理早期阶段整体布局的高噪声专家，和一个精炼后期视频细节的低噪声专家。此外，Wan2.2 融入了精选的美学数据，对光照、构图、色彩等维度进行了细致标注，从而实现了对电影级风格更精准、可控的生成。与前代相比，该模型在更大数据集上进行了训练，显著增强了在运动、语义和美学等方面的泛化能力，能更好地处理复杂的动态效果
https://sf-maas-uat-prod.oss-cn-shanghai.aliyuncs.com/Model_LOGO/Tongyi.svg,Qwen,Qwen/Qwen-Image-Edit-2509,Qwen-Image-Edit-2509,2025-09-21,生图,text-to-image,,,,,image-cnt: ¥0.3 / 图片,0,20B,False,False,False,False,False,,Qwen-Image-Edit-2509 是通义千问团队于 2025 年 9 月发布的图像编辑模型，是 Qwen-Image-Edit 的月度迭代版本。此次更新主要包含三大改进：一是新增了多图编辑能力，支持“人+人”、“人+景”和“人+物”等多种组合，目前在 1 至 3 张输入图片时效果最佳；二是在单图输入时显著增强了一致性，包括更优的人脸身份保持、商品特征保持和文字编辑效果；三是原生支持 ControlNet，可利用深度图、边缘图和关键点图等进行更精细的控制
https://sf-maas-uat-prod.oss-cn-shanghai.aliyuncs.com/Model_LOGO/Tongyi.svg,Wan,Wan-AI/Wan2.2-I2V-A14B,Wan2.2-I2V-A14B,2025-07-27,视频,image-to-video,,,,,video-cnt: ¥2.0 / 视频,0,27B,False,False,False,False,False,,Wan2.2-I2V-A14B 是由阿里巴巴旗下 AI 项目 Wan-AI 发布的、业界首批采用混合专家（MoE）架构的开源图像到视频（Image-to-Video）生成模型之一。该模型专注于将静态图像和文本提示结合，生成平滑、自然的动态视频序列。其核心创新在于 MoE 架构，通过一个高噪声专家处理视频前期的大致结构，一个低噪声专家精修后期的画面细节，从而在不增加推理成本的情况下提升了模型性能。与前代模型相比，Wan2.2 在更大规模的数据集上进行了训练，显著增强了对复杂运动、美学风格和语义的理解能力，能生成更稳定的视频，减少了不真实的镜头移动
https://sf-maas-uat-prod.oss-cn-shanghai.aliyuncs.com/Model_LOGO/ling.png,inclusionAI,inclusionAI/Ling-mini-2.0,Ling-mini-2.0,2025-09-08,对话,chat,¥0.5 / M tokens,¥2.0 / M tokens,,,,131K,16B,False,True,True,True,False,,Ling-mini-2.0 是一款基于 MoE 架构 的小尺寸高性能大语言模型。它拥有 16B 总参数，但每个 token 仅激活 1.4B（non-embedding 789M），从而实现了极高的生成速度。得益于高效的 MoE 设计与大规模高质量训练数据，尽管激活参数仅为 1.4B，Ling-mini-2.0 依然在下游任务中展现出可媲美 10B 以下 dense LLM 及更大规模 MoE 模型的顶尖性能
https://sf-maas-uat-prod.oss-cn-shanghai.aliyuncs.com/Model_LOGO/ling.png,inclusionAI,inclusionAI/Ling-flash-2.0,Ling-flash-2.0,2025-09-16,对话,chat,¥1.0 / M tokens,¥4.0 / M tokens,,,,131K,100B,False,True,True,True,False,,Ling-flash-2.0 是由蚂蚁集团百灵团队发布的 Ling 2.0 架构系列的第三款模型。它是一款混合专家（MoE）模型，总参数规模达到 1000 亿，但每个 token 仅激活 61 亿参数（非词向量激活 48 亿）。 作为一个轻量级配置的模型，Ling-flash-2.0 在多个权威评测中展现出媲美甚至超越 400 亿级别稠密（Dense）模型及更大规模 MoE 模型的性能。该模型旨在通过极致的架构设计与训练策略，在“大模型等于大参数”的共识下探索高效能的路径
https://sf-maas-uat-prod.oss-cn-shanghai.aliyuncs.com/Model_LOGO/20250227-194559.png,Kolors,Kwai-Kolors/Kolors,Kolors,2024-07-05,生图,text-to-image,,,,,image-cnt: ¥0.0 / 图片,0,0B,False,False,False,False,False,,Kolors 是由快手 Kolors 团队开发的基于潜在扩散的大规模文本到图像生成模型。该模型通过数十亿文本-图像对的训练，在视觉质量、复杂语义准确性以及中英文字符渲染方面展现出显著优势。它不仅支持中英文输入，在理解和生成中文特定内容方面也表现出色
https://sf-maas-uat-prod.oss-cn-shanghai.aliyuncs.com/Model_LOGO/DeepSeek.svg,deepseek-ai,deepseek-ai/DeepSeek-OCR,DeepSeek-OCR,2025-10-19,对话,chat,¥0.0 / M tokens,¥0.0 / M tokens,,,,8K,3B,True,False,True,False,False,,DeepSeek-OCR 是由深度求索（DeepSeek AI）推出的一个视觉语言模型，专注于光学字符识别（OCR）与“上下文光学压缩”。该模型旨在探索从图像中压缩上下文信息的边界，能够高效处理文档并将其转换为如 Markdown 等结构化文本格式
https://sf-maas-uat-prod.oss-cn-shanghai.aliyuncs.com/Model_LOGO/FunAudioLLM.png,FunAudioLLM,FunAudioLLM/SenseVoiceSmall,SenseVoiceSmall,2024-07-22,音频,speech-to-text,,,,,utf8-bytes: ¥0.0 / 千字符（UTF-8）,0,0B,False,False,False,False,False,语音识别,SenseVoice 是一个具有多种语音理解能力的语音基础模型，包括自动语音识别（ASR）、口语语言识别（LID）、语音情感识别（SER）和音频事件检测（AED）。SenseVoice-Small 模型采用非自回归端到端框架，具有非常低的推理延迟。它支持 50 多种语言的多语言语音识别，在中文和粤语识别方面表现优于 Whisper 模型。此外，它还具有出色的情感识别和音频事件检测能力。该模型处理 10 秒音频仅需 70 毫秒，比 Whisper-Large 快 15 倍
https://sf-maas-uat-prod.oss-cn-shanghai.aliyuncs.com/Model_LOGO/DeepSeek.svg,deepseek-ai,Pro/deepseek-ai/DeepSeek-V3,DeepSeek-V3 (Pro),2025-03-23,对话,chat,¥2.0 / M tokens,¥8.0 / M tokens,,,,163K,671B,False,True,True,True,True,,新版 DeepSeek-V3 （DeepSeek-V3-0324）与之前的 DeepSeek-V3-1226 使用同样的 base 模型，仅改进了后训练方法。新版 V3 模型借鉴 DeepSeek-R1 模型训练过程中所使用的强化学习技术，大幅提高了在推理类任务上的表现水平，在数学、代码类相关评测集上取得了超过 GPT-4.5 的得分成绩。此外该模型在工具调用、角色扮演、问答闲聊等方面也得到了一定幅度的能力提升。
https://sf-maas-uat-prod.oss-cn-shanghai.aliyuncs.com/Model_LOGO/DeepSeek.svg,deepseek-ai,Pro/deepseek-ai/DeepSeek-R1,DeepSeek-R1 (Pro),2025-05-27,对话,chat,¥4.0 / M tokens,¥16.0 / M tokens,¥0.4 / M tokens,,,163K,671B,False,True,True,True,True,,DeepSeek-R1-0528 是一款强化学习（RL）驱动的推理模型，解决了模型中的重复性和可读性问题。在 RL 之前，DeepSeek-R1 引入了冷启动数据，进一步优化了推理性能。它在数学、代码和推理任务中与 OpenAI-o1 表现相当，并且通过精心设计的训练方法，提升了整体效果。
https://sf-maas-uat-prod.oss-cn-shanghai.aliyuncs.com/Model_LOGO/DeepSeek.svg,deepseek-ai,Pro/deepseek-ai/DeepSeek-V3.1-Terminus,DeepSeek-V3.1-Terminus (Pro),2025-09-21,对话,chat,¥4.0 / M tokens,¥12.0 / M tokens,¥0.4 / M tokens,,,163K,671B,False,True,True,True,False,,DeepSeek-V3.1-Terminus 是由深度求索（DeepSeek）发布的 V3.1 模型的更新版本，定位为混合智能体大语言模型。此次更新在保持模型原有能力的基础上，专注于修复用户反馈的问题并提升稳定性。它显著改善了语言一致性，减少了中英文混用和异常字符的出现。模型集成了“思考模式”（Thinking Mode）和“非思考模式”（Non-thinking Mode），用户可通过聊天模板灵活切换以适应不同任务。作为一个重要的优化，V3.1-Terminus 增强了代码智能体（Code Agent）和搜索智能体（Search Agent）的性能，使其在工具调用和执行多步复杂任务方面更加可靠
https://sf-maas-uat-prod.oss-cn-shanghai.aliyuncs.com/Model_LOGO/DeepSeek.svg,deepseek-ai,Pro/deepseek-ai/DeepSeek-V3.2,DeepSeek-V3.2 (Pro),2025-11-30,对话,chat,¥4.0 / M tokens,¥6.0 / M tokens,¥0.2 / M tokens,,,163K,671B,False,True,True,True,False,,DeepSeek-V3.2 是一款兼具高计算效率与卓越推理和 Agent 性能的模型。其方法建立在三大关键技术突破之上：DeepSeek 稀疏注意力（DSA），一种高效的注意力机制，在保持模型性能的同时显著降低了计算复杂性，并特别针对长上下文场景进行了优化；可扩展的强化学习框架，通过该框架，模型性能可与 GPT-5 相媲美，其高算力版本在推理能力上可与 Gemini-3.0-Pro 匹敌；以及大规模 Agent 任务合成管线，旨在将推理能力整合到工具使用场景中，从而提高在复杂交互环境中的指令遵循和泛化能力。该模型在 2025 年国际数学奥林匹克（IMO）和国际信息学奥林匹克（IOI）中取得了金牌表现
https://sf-maas-uat-prod.oss-cn-shanghai.aliyuncs.com/Model_LOGO/Tongyi.svg,Qwen,Qwen/Qwen3-8B,Qwen3-8B,2025-04-28,对话,chat,¥0.0 / M tokens,¥0.0 / M tokens,,,,131K,8B,False,True,True,False,False,,Qwen3-8B 是通义千问系列的最新大语言模型，拥有 8.2B 参数量。该模型独特地支持在思考模式（适用于复杂逻辑推理、数学和编程）和非思考模式（适用于高效的通用对话）之间无缝切换，显著增强了推理能力。模型在数学、代码生成和常识逻辑推理上表现优异，并在创意写作、角色扮演和多轮对话等方面展现出卓越的人类偏好对齐能力。此外，该模型支持 100 多种语言和方言，具备出色的多语言指令遵循和翻译能力
https://sf-maas-uat-prod.oss-cn-shanghai.aliyuncs.com/Model_LOGO/Tongyi.svg,Qwen,Qwen/Qwen3-VL-32B-Thinking,Qwen3-VL-32B-Thinking,2025-10-20,对话,chat,¥1.0 / M tokens,¥10.0 / M tokens,,,,262K,32B,True,True,True,True,False,,Qwen3-VL-Thinking 是 Qwen3-VL 系列中一个为复杂视觉推理任务特别优化的版本。该模型内置了“思考模式”（Thinking Mode），使其在回答问题前能够生成详细的中间推理步骤（Chain-of-Thought），从而显著增强其在需要多步逻辑、规划和深入分析的视觉问答及其他视觉语言任务上的表现。与 Instruct 版本一样，它支持百万像素级的高分辨率图像，并具备强大的通用视觉理解和多语言能力
https://sf-maas-uat-prod.oss-cn-shanghai.aliyuncs.com/Model_LOGO/Tongyi.svg,Qwen,Qwen/Qwen3-VL-32B-Instruct,Qwen3-VL-32B-Instruct,2025-10-20,对话,chat,¥1.0 / M tokens,¥4.0 / M tokens,,,,262K,32B,True,True,True,True,False,,Qwen3-VL 是 Qwen3 系列中的视觉语言模型，在多个视觉语言（VL）基准测试中取得了领先（SOTA）性能。该模型支持百万像素级别的高分辨率图像输入，并具备强大的通用视觉理解、多语言 OCR、细粒度视觉定位和视觉对话能力。作为 Qwen3 系列的一部分，它继承了强大的语言基础，能够理解和执行复杂的指令
https://sf-maas-uat-prod.oss-cn-shanghai.aliyuncs.com/Model_LOGO/FunAudioLLM.png,FunAudioLLM,FunAudioLLM/CosyVoice2-0.5B,FunAudioLLM/CosyVoice2-0.5B,2024-12-15,音频,text-to-speech,,,,,utf8-bytes: ¥0.05 / 千字符（UTF-8）,0,1B,False,False,False,False,False,语音合成,CosyVoice 2 是一个基于大语言模型的流式语音合成模型，采用统一的流式/非流式框架设计。该模型通过有限标量量化（FSQ）来提升语音 token 的编码本利用率，简化了文本到语音的语言模型架构，并开发了支持不同合成场景的分块感知因果流匹配模型。在流式模式下，模型可实现 150ms 的超低延迟，同时保持与非流式模式几乎相同的合成质量。相比 1.0 版本，发音错误率降低了 30%-50%，MOS 评分从 5.4 提升至 5.53，并支持情感和方言的细粒度控制。支持中文（含方言：粤语、四川话、上海话、天津话等）、英文、日语、韩语，支持跨语言和混合语言场景
https://sf-maas-uat-prod.oss-cn-shanghai.aliyuncs.com/Model_LOGO/openmoss.svg,openmoss,fnlp/MOSS-TTSD-v0.5,MOSS-TTSD-v0.5,2025-07-03,音频,text-to-speech,,,,,utf8-bytes: ¥0.05 / 千字符（UTF-8）,0,2B,False,False,False,False,False,语音合成,MOSS-TTSD（text to spoken dialogue）是一个开源的双语（支持中文和英文）口语对话合成模型。它可以将两位说话者之间的对话脚本转换为自然且富有表现力的对话语音。其主要亮点包括：生成表现力丰富、接近真人的对话语音；支持零样本（zero-shot）双人声音克隆；以及单次可生成长达 960 秒的长时程语音。该模型基于统一的语义-声学神经音频编解码器、一个预训练的大语言模型以及海量的语音数据构建而成，非常适合用于 AI 播客制作等场景
https://sf-maas-uat-prod.oss-cn-shanghai.aliyuncs.com/Model_LOGO/DeepSeek.svg,deepseek-ai,deepseek-ai/DeepSeek-V3.1-Terminus,DeepSeek-V3.1-Terminus,2025-09-21,对话,chat,¥4.0 / M tokens,¥12.0 / M tokens,¥0.4 / M tokens,,,163K,671B,False,True,True,True,False,,DeepSeek-V3.1-Terminus 是由深度求索（DeepSeek）发布的 V3.1 模型的更新版本，定位为混合智能体大语言模型。此次更新在保持模型原有能力的基础上，专注于修复用户反馈的问题并提升稳定性。它显著改善了语言一致性，减少了中英文混用和异常字符的出现。模型集成了“思考模式”（Thinking Mode）和“非思考模式”（Non-thinking Mode），用户可通过聊天模板灵活切换以适应不同任务。作为一个重要的优化，V3.1-Terminus 增强了代码智能体（Code Agent）和搜索智能体（Search Agent）的性能，使其在工具调用和执行多步复杂任务方面更加可靠
https://sf-maas-uat-prod.oss-cn-shanghai.aliyuncs.com/Model_LOGO/Tongyi.svg,Qwen,Qwen/Qwen3-VL-8B-Instruct,Qwen3-VL-8B-Instruct,2025-10-14,对话,chat,¥0.5 / M tokens,¥2.0 / M tokens,,,,262K,8B,True,True,True,True,False,,Qwen3-VL-8B-Instruct 是 Qwen3 系列的视觉语言模型。它基于 Qwen3-8B-Instruct 模型开发，并经过大量图文数据的训练。该模型在通用视觉理解、以视觉为中心的对话以及图像中的多语言文本识别方面表现出强大的能力。Qwen3-VL 在细粒度识别、文本理解和多图像比较方面表现出色，并支持高达 1024x1024 分辨率的高清图像
https://sf-maas-uat-prod.oss-cn-shanghai.aliyuncs.com/Model_LOGO/Tongyi.svg,Qwen,Qwen/Qwen3-VL-8B-Thinking,Qwen3-VL-8B-Thinking,2025-10-14,对话,chat,¥0.5 / M tokens,¥5.0 / M tokens,,,,262K,8B,True,True,True,True,False,,Qwen3-VL-8B-Thinking 是 Qwen3 系列的视觉语言模型，专为需要复杂推理的场景优化。它基于 Qwen3-8B-Instruct 模型，并支持“思考模式”（Thinking Mode）。在该模式下，模型会在给出最终答案前进行一步步的思考和推理，从而显著提升在复杂视觉问答、多步指令遵循和逻辑推理任务上的表现。该模型在通用视觉理解、图文对话和多语言文字识别方面同样表现出色，并支持高达 1024x1024 分辨率的高清图像
https://sf-maas-uat-prod.oss-cn-shanghai.aliyuncs.com/Model_LOGO/Tongyi.svg,Qwen,Qwen/Qwen3-VL-30B-A3B-Instruct,Qwen3-VL-30B-A3B-Instruct,2025-10-04,对话,chat,¥0.7 / M tokens,¥2.8 / M tokens,,,,262K,30B,True,True,True,True,True,,Qwen3-VL 是 Qwen 系列迄今为止最强大的视觉语言模型。该模型进行了全面升级，包括卓越的文本理解与生成、更深层次的视觉感知与推理、更长的上下文长度、增强的空间和视频动态理解，以及更强的智能体交互能力。作为基于混合专家（MoE）架构的指令微调（Instruct）版本，它专为灵活、按需部署而设计，具备强大的视觉智能体、视觉编码和视频理解能力，并原生支持 256K 上下文
https://sf-maas-uat-prod.oss-cn-shanghai.aliyuncs.com/Model_LOGO/Tongyi.svg,Qwen,Qwen/Qwen3-VL-30B-A3B-Thinking,Qwen3-VL-30B-A3B-Thinking,2025-10-04,对话,chat,¥0.7 / M tokens,¥2.8 / M tokens,,,,262K,30B,True,True,True,True,True,,Qwen3-VL 是 Qwen 系列迄今为止最强大的视觉语言模型。该模型进行了全面升级，包括卓越的文本理解与生成、更深层次的视觉感知与推理、更长的上下文长度、增强的空间和视频动态理解，以及更强的智能体交互能力。这个推理增强的 “Thinking” 版本基于混合专家（MoE）架构构建，擅长执行操作 PC/移动设备图形用户界面、从图像生成代码以及在 STEM 领域进行高级多模态推理等任务。它原生支持 256K 上下文长度，并拥有支持 32 种语言的扩展 OCR 能力
https://sf-maas-uat-prod.oss-cn-shanghai.aliyuncs.com/Model_LOGO/Tongyi.svg,Qwen,Qwen/Qwen3-Omni-30B-A3B-Instruct,Qwen3-Omni-30B-A3B-Instruct,2025-09-21,对话,chat,¥0.7 / M tokens,¥2.8 / M tokens,,,,65K,30B,True,True,True,True,True,,Qwen3-Omni-30B-A3B-Instruct 是阿里巴巴通义千问团队最新 Qwen3 系列中的一员。它是一个拥有 300 亿总参数和 30 亿激活参数的混合专家（MoE）模型，在保持强大性能的同时有效降低了推理成本。该模型在高质量、多来源、多语言的数据上进行了训练，在基础能力如多语言对话、代码、数学等方面表现出色
https://sf-maas-uat-prod.oss-cn-shanghai.aliyuncs.com/Model_LOGO/Tongyi.svg,Qwen,Qwen/Qwen3-Omni-30B-A3B-Thinking,Qwen3-Omni-30B-A3B-Thinking,2025-09-21,对话,chat,¥0.7 / M tokens,¥2.8 / M tokens,,,,65K,30B,True,True,True,True,True,,Qwen3-Omni-30B-A3B-Thinking 是 Qwen3-Omni 全模态模型中的核心“思考者”（Thinker）组件。它专门负责处理包括文本、音频、图像和视频在内的多模态输入，并执行复杂的思维链推理。作为推理的大脑，该模型将所有输入统一到通用的表征空间进行理解和分析，但其输出形式为文本。这一设计使其在解决需要深度思考和跨模态理解的复杂问题（如图像数学题解答）时表现卓越，是整个 Qwen3-Omni 架构实现强大认知能力的关键
https://sf-maas-uat-prod.oss-cn-shanghai.aliyuncs.com/Model_LOGO/Tongyi.svg,Qwen,Qwen/Qwen3-Omni-30B-A3B-Captioner,Qwen3-Omni-30B-A3B-Captioner,2025-09-21,对话,chat,¥0.7 / M tokens,¥2.8 / M tokens,,,,65K,30B,True,True,True,True,True,,Qwen3-Omni-30B-A3B-Captioner 是阿里巴巴通义千问团队 Qwen3 系列中的一款视觉语言模型（VLM）。它专门用于生成高质量、详细且准确的图像描述。该模型基于 300 亿总参数的混合专家（MoE）架构，能够深入理解图像内容并将其转化为丰富的自然语言文本
https://sf-maas-uat-prod.oss-cn-shanghai.aliyuncs.com/Model_LOGO/hunyuan.svg,hunyuan,tencent/Hunyuan-MT-7B,Hunyuan-MT-7B,2025-08-31,对话,chat,¥0.0 / M tokens,¥0.0 / M tokens,,,,32K,7B,False,False,True,True,False,,混元翻译模型（Hunyuan Translation Model）由一个翻译模型 Hunyuan-MT-7B 和一个集成模型 Hunyuan-MT-Chimera 组成。Hunyuan-MT-7B 是一个拥有 70 亿参数的轻量级翻译模型，用于将源文本翻译成目标语言。该模型支持 33 种语言以及 5 种中国少数民族语言的互译。在 WMT25 国际机器翻译竞赛中，Hunyuan-MT-7B 在其参与的 31 个语言类别中获得了 30 个第一名，展现了其卓越的翻译能力。针对翻译场景，腾讯混元提出了一个从预训练到监督微调、再到翻译强化和集成强化的完整训练范式，使其在同等规模的模型中达到了业界领先的性能。该模型计算效率高、易于部署，适合多种应用场景
https://sf-maas-uat-prod.oss-cn-shanghai.aliyuncs.com/Model_LOGO/DeepSeek.svg,deepseek-ai,deepseek-ai/DeepSeek-V3,DeepSeek-V3,2025-03-23,对话,chat,¥2.0 / M tokens,¥8.0 / M tokens,¥0.2 / M tokens,,,163K,671B,False,True,True,True,True,,新版 DeepSeek-V3 （DeepSeek-V3-0324）与之前的 DeepSeek-V3-1226 使用同样的 base 模型，仅改进了后训练方法。新版 V3 模型借鉴 DeepSeek-R1 模型训练过程中所使用的强化学习技术，大幅提高了在推理类任务上的表现水平，在数学、代码类相关评测集上取得了超过 GPT-4.5 的得分成绩。此外该模型在工具调用、角色扮演、问答闲聊等方面也得到了一定幅度的能力提升。
https://sf-maas-uat-prod.oss-cn-shanghai.aliyuncs.com/Model_LOGO/DeepSeek.svg,deepseek-ai,deepseek-ai/DeepSeek-R1,DeepSeek-R1,2025-05-27,对话,chat,¥4.0 / M tokens,¥16.0 / M tokens,¥0.4 / M tokens,,,163K,671B,False,True,True,True,True,,DeepSeek-R1-0528 是一款强化学习（RL）驱动的推理模型，解决了模型中的重复性和可读性问题。在 RL 之前，DeepSeek-R1 引入了冷启动数据，进一步优化了推理性能。它在数学、代码和推理任务中与 OpenAI-o1 表现相当，并且通过精心设计的训练方法，提升了整体效果。
https://sf-maas-uat-prod.oss-cn-shanghai.aliyuncs.com/Model_LOGO/Tongyi.svg,Qwen,Qwen/Qwen3-Embedding-4B,Qwen3-Embedding-4B,2025-06-05,对话,embedding,¥0.14 / M tokens,,,,,32K,4B,False,False,False,False,False,,Qwen3-Embedding-4B 是 Qwen3 嵌入模型系列的最新专有模型，专为文本嵌入和排序任务设计。该模型基于 Qwen3 系列的密集基础模型，具有 40 亿参数规模，支持长达 32K 的上下文长度，可生成最高 2560 维的嵌入向量。模型继承了基础模型卓越的多语言能力，支持超过 100 种语言，具备长文本理解和推理能力。在 MTEB 多语言排行榜上表现卓越（得分 69.45），在文本检索、代码检索、文本分类、文本聚类和双语挖掘等多项任务中表现出色。模型支持用户自定义输出维度（32 到 2560）和指令感知功能，可根据特定任务、语言或场景进行优化，在效率和效果之间达到良好平衡
https://sf-maas-uat-prod.oss-cn-shanghai.aliyuncs.com/Model_LOGO/ByteDance.svg,ByteDance,ByteDance-Seed/Seed-OSS-36B-Instruct,Seed-OSS-36B-Instruct,2025-08-19,对话,chat,¥1.5 / M tokens,¥4.0 / M tokens,,,,262K,36B,False,True,True,True,False,,Seed-OSS 是由字节跳动 Seed 团队开发的一系列开源大型语言模型，专为强大的长上下文处理、推理、智能体（agent）和通用能力而设计。该系列中的 Seed-OSS-36B-Instruct 是一个拥有 360 亿参数的指令微调模型，它原生支持超长上下文长度，使其能够一次性处理海量文档或复杂的代码库。该模型在推理、代码生成和智能体任务（如工具使用）方面进行了特别优化，同时保持了平衡且出色的通用能力。此模型的一大特色是“思考预算”（Thinking Budget）功能，允许用户根据需要灵活调整推理长度，从而在实际应用中有效提升推理效率
https://sf-maas-uat-prod.oss-cn-shanghai.aliyuncs.com/Model_LOGO/zhipu.svg,zai,zai-org/GLM-4.5V,GLM-4.5V,2025-08-10,对话,chat,¥1.0 / M tokens,¥6.0 / M tokens,,,,65K,106B,True,True,False,False,False,,GLM-4.5V 是由智谱 AI（Zhipu AI）发布的最新一代视觉语言模型（VLM）该模型基于拥有 106B 总参数和 12B 激活参数的旗舰文本模型 GLM-4.5-Air 构建，采用了混合专家（MoE）架构，旨在以更低的推理成本实现卓越性能 GLM-4.5V 在技术上延续了 GLM-4.1V-Thinking 的路线，并引入了三维旋转位置编码（3D-RoPE）等创新，显著增强了对三维空间关系的感知与推理能力。通过在预训练、监督微调和强化学习阶段的优化，该模型具备了处理图像、视频、长文档等多种视觉内容的能力，在 41 个公开的多模态基准测试中达到了同级别开源模型的顶尖水平此外，模型还新增了“思考模式”开关，允许用户在快速响应和深度推理之间灵活选择，以平衡效率与效果
https://sf-maas-uat-prod.oss-cn-shanghai.aliyuncs.com/Model_LOGO/Tongyi.svg,Qwen,Qwen/Qwen3-Coder-30B-A3B-Instruct,Qwen3-Coder-30B-A3B-Instruct,2025-07-30,对话,chat,¥0.7 / M tokens,¥2.8 / M tokens,,,,262K,30B,False,True,True,True,True,,Qwen3-Coder-30B-A3B-Instruct 是由阿里巴巴通义千问团队开发的 Qwen3 系列中的代码模型。作为一个经过精简优化的模型，它在保持高性能和高效率的同时，专注于提升代码处理能力。该模型在代理式编程（Agentic Coding）、自动化浏览器操作和工具调用等复杂任务上，于开源模型中表现出显著的性能优势。它原生支持 256K tokens 的长上下文，并可扩展至 1M tokens，从而能够更好地进行代码库级别的理解和处理。此外，该模型为 Qwen Code、CLINE 等平台提供了强大的代理编码支持，并设计了专门的函数调用格式
https://sf-maas-uat-prod.oss-cn-shanghai.aliyuncs.com/Model_LOGO/zhipu.svg,zai,zai-org/GLM-4.5-Air,GLM-4.5-Air,2025-07-27,对话,chat,¥1.0 / M tokens,¥6.0 / M tokens,,,,131K,106B,False,True,False,False,False,,GLM-4.5-Air 是一款专为智能体应用打造的基础模型，使用了混合专家（Mixture-of-Experts）架构。在工具调用、网页浏览、软件工程、前端编程领域进行了深度优化，支持无缝接入 Claude Code、Roo Code 等代码智能体中使用。GLM-4.5 采用混合推理模式，可以适应复杂推理和日常使用等多种应用场景
https://sf-maas-uat-prod.oss-cn-shanghai.aliyuncs.com/Model_LOGO/Tongyi.svg,Qwen,Qwen/Qwen3-30B-A3B-Instruct-2507,Qwen3-30B-A3B-Instruct-2507,2025-07-28,对话,chat,¥0.7 / M tokens,¥2.8 / M tokens,,,,262K,30B,False,True,True,False,False,,Qwen3-30B-A3B-Instruct-2507 是 Qwen3-30B-A3B 非思考模式的更新版本。这是一个拥有 305 亿总参数和 33 亿激活参数的混合专家（MoE）模型。该模型在多个方面进行了关键增强，包括显著提升了指令遵循、逻辑推理、文本理解、数学、科学、编码和工具使用等通用能力。同时，它在多语言的长尾知识覆盖范围上取得了实质性进展，并能更好地与用户在主观和开放式任务中的偏好对齐，从而能够生成更有帮助的回复和更高质量的文本。此外，该模型的长文本理解能力也增强到了 256K。此模型仅支持非思考模式，其输出中不会生成 `<think></think>` 标签
https://sf-maas-uat-prod.oss-cn-shanghai.aliyuncs.com/Model_LOGO/hunyuan.svg,hunyuan,tencent/Hunyuan-A13B-Instruct,Hunyuan-A13B-Instruct,2025-06-26,对话,chat,¥1.0 / M tokens,¥4.0 / M tokens,,,,131K,80B,False,False,True,False,False,,Hunyuan-A13B-Instruct 参数量800 亿，激活 130 亿参数即可对标更大模型，支持“快思考/慢思考”混合推理；长文理解稳定；经 BFCL-v3 与 τ-Bench 验证，Agent 能力领先；结合 GQA 与多量化格式，实现高效推理。
https://sf-maas-uat-prod.oss-cn-shanghai.aliyuncs.com/Model_LOGO/Tongyi.svg,Qwen,Qwen/Qwen3-32B,Qwen3-32B,2025-04-28,对话,chat,¥1.0 / M tokens,¥4.0 / M tokens,,,,131K,32B,False,True,True,False,False,,Qwen3-32B 是通义千问系列的最新大语言模型，拥有 32.8B 参数量。该模型独特地支持在思考模式（适用于复杂逻辑推理、数学和编程）和非思考模式（适用于高效的通用对话）之间无缝切换，显著增强了推理能力。模型在数学、代码生成和常识逻辑推理上表现优异，并在创意写作、角色扮演和多轮对话等方面展现出卓越的人类偏好对齐能力。此外，该模型支持 100 多种语言和方言，具备出色的多语言指令遵循和翻译能力
https://sf-maas-uat-prod.oss-cn-shanghai.aliyuncs.com/Model_LOGO/Tongyi.svg,Qwen,Qwen/Qwen3-Embedding-8B,Qwen3-Embedding-8B,2025-06-05,对话,embedding,¥0.28 / M tokens,,,,,32K,8B,False,False,False,False,False,,Qwen3-Embedding-8B 是 Qwen3 嵌入模型系列的最新专有模型，专为文本嵌入和排序任务设计。该模型基于 Qwen3 系列的密集基础模型，具有 80 亿参数规模，支持长达 32K 的上下文长度，可生成最高 4096 维的嵌入向量。该模型继承了基础模型卓越的多语言能力，支持超过 100 种语言，具备长文本理解和推理能力。在 MTEB 多语言排行榜上排名第一（截至 2025 年 6 月 5 日，得分 70.58），在文本检索、代码检索、文本分类、文本聚类和双语挖掘等多项任务中表现出色。模型支持用户自定义输出维度（32 到 4096）和指令感知功能，可根据特定任务、语言或场景进行优化
https://sf-maas-uat-prod.oss-cn-shanghai.aliyuncs.com/Model_LOGO/Tongyi.svg,Qwen,Qwen/Qwen3-Reranker-8B,Qwen3-Reranker-8B,2025-06-05,对话,reranker,¥0.28 / M tokens,,,,,32K,8B,False,False,False,False,False,,Qwen3-Reranker-8B 是 Qwen3 系列中拥有 80 亿参数的文本重排模型。 它的设计目标是通过根据查询对文档的相关性进行精确重排，从而优化并提升搜索结果的质量。 该模型构建于强大的 Qwen3 基础模型之上，擅长理解长文本（支持 32k 上下文长度），并支持超过 100 种语言。 Qwen3-Reranker-8B 作为其灵活系列的一员，在多种文本和代码检索场景中展现了顶尖的性能
https://sf-maas-uat-prod.oss-cn-shanghai.aliyuncs.com/Model_LOGO/Tongyi.svg,Qwen,Qwen/Qwen3-14B,Qwen3-14B,2025-04-28,对话,chat,¥0.5 / M tokens,¥2.0 / M tokens,,,,131K,14B,False,True,True,False,False,,Qwen3-14B 是通义千问系列的最新大语言模型，拥有 14.8B 参数量。该模型独特地支持在思考模式（适用于复杂逻辑推理、数学和编程）和非思考模式（适用于高效的通用对话）之间无缝切换，显著增强了推理能力。模型在数学、代码生成和常识逻辑推理上表现优异，并在创意写作、角色扮演和多轮对话等方面展现出卓越的人类偏好对齐能力。此外，该模型支持 100 多种语言和方言，具备出色的多语言指令遵循和翻译能力
https://sf-maas-uat-prod.oss-cn-shanghai.aliyuncs.com/Model_LOGO/Tongyi.svg,Qwen,Qwen/Qwen3-Embedding-0.6B,Qwen3-Embedding-0.6B,2025-06-05,对话,embedding,¥0.07 / M tokens,,,,,32K,1B,False,False,False,False,False,,Qwen3-Embedding-0.6B 是 Qwen3 嵌入模型系列的最新专有模型，专为文本嵌入和排序任务设计。该模型基于 Qwen3 系列的密集基础模型，具有 6 亿参数规模，支持长达 32K 的上下文长度，可生成最高 1024 维的嵌入向量。模型继承了基础模型卓越的多语言能力，支持超过 100 种语言，具备长文本理解和推理能力。在 MTEB 多语言排行榜上表现优异（得分 64.33），在文本检索、代码检索、文本分类、文本聚类和双语挖掘等多项任务中表现出色。模型支持用户自定义输出维度（32 到 1024）和指令感知功能，可根据特定任务、语言或场景进行优化，为需要平衡效率和效果的应用场景提供理想选择
https://sf-maas-uat-prod.oss-cn-shanghai.aliyuncs.com/Model_LOGO/Tongyi.svg,Qwen,Qwen/Qwen3-Reranker-0.6B,Qwen3-Reranker-0.6B,2025-06-05,对话,reranker,¥0.07 / M tokens,,,,,32K,1B,False,False,False,False,False,,Qwen3-Reranker-0.6B 是一款来自 Qwen3 系列的文本重排模型。 它专为优化初始检索系统的结果而设计，其核心功能是根据给定查询对文档的相关性进行重新排序。 该模型拥有 6 亿参数和 32k 的上下文长度，并继承了其 Qwen3 基础模型强大的多语言（支持超过 100 种语言）、长文本理解及推理能力。评测结果显示，Qwen3-Reranker-0.6B 在 MTEB-R、CMTEB-R 和 MLDR 等多个文本检索基准测试中均取得了优异的性能
https://sf-maas-uat-prod.oss-cn-shanghai.aliyuncs.com/Model_LOGO/Tongyi.svg,Qwen,Qwen/Qwen3-Reranker-4B,Qwen3-Reranker-4B,2025-06-05,对话,reranker,¥0.14 / M tokens,,,,,32K,4B,False,False,False,False,False,,Qwen3-Reranker-4B 是一款功能强大的文本重排模型，源自 Qwen3 系列，拥有 40 亿参数。 该模型旨在通过根据查询对初始文档列表进行重新排序，从而显著提升搜索结果的相关性。 它继承了其 Qwen3 基础模型的核心优势，包括对长文本（上下文长度高达 32k）的卓越理解能力以及对超过 100 种语言的强大支持。 基准测试结果表明，Qwen3-Reranker-4B 模型在各种文本和代码检索评测中表现出色
https://sf-maas-uat-prod.oss-cn-shanghai.aliyuncs.com/Model_LOGO/DeepSeek.svg,deepseek-ai,deepseek-ai/DeepSeek-R1-0528-Qwen3-8B,DeepSeek-R1-0528-Qwen3-8B (Free),2025-05-27,对话,chat,¥0.0 / M tokens,¥0.0 / M tokens,,,,131K,8B,False,False,True,False,False,,DeepSeek-R1-0528-Qwen3-8B 是通过从 DeepSeek-R1-0528 模型蒸馏思维链到 Qwen3 8B Base 获得的模型。该模型在开源模型中达到了最先进（SOTA）的性能，在 AIME 2024 测试中超越了 Qwen3 8B 10%，并达到了 Qwen3-235B-thinking 的性能水平。该模型在数学推理、编程和通用逻辑等多个基准测试中表现出色，其架构与 Qwen3-8B 相同，但共享 DeepSeek-R1-0528 的分词器配置
https://sf-maas-uat-prod.oss-cn-shanghai.aliyuncs.com/Model_LOGO/zhipu.svg,zai,THUDM/GLM-Z1-9B-0414,GLM-Z1-9B-0414,2025-04-13,对话,chat,¥0.0 / M tokens,¥0.0 / M tokens,,,,131K,9B,False,True,True,False,False,,GLM-Z1-9B-0414 是 GLM 系列的小型模型，仅有 90 亿参数，但保持了开源传统的同时展现出惊人的能力。尽管规模较小，该模型在数学推理和通用任务上仍表现出色，其总体性能在同等规模的开源模型中已处于领先水平。研究团队采用了与大模型相同的一系列技术进行训练，使其在资源受限的场景中能够实现效率与效果的绝佳平衡，为寻求轻量级部署的用户提供强大选择。特别是在资源受限的场景下，该模型可以很好地在效率与效果之间取得平衡，为需要轻量化部署的用户提供强有力的选择
https://sf-maas-uat-prod.oss-cn-shanghai.aliyuncs.com/Model_LOGO/Tongyi.svg,Qwen,Qwen/Qwen2.5-7B-Instruct,Qwen2.5-7B-Instruct (Free),2024-09-17,对话,chat,¥0.0 / M tokens,¥0.0 / M tokens,,,,32K,7B,False,True,True,True,False,微调,Qwen2.5-7B-Instruct 是阿里云发布的最新大语言模型系列之一。该 7B 模型在编码和数学等领域具有显著改进的能力。该模型还提供了多语言支持，覆盖超过 29 种语言，包括中文、英文等。模型在指令跟随、理解结构化数据以及生成结构化输出（尤其是 JSON）方面都有显著提升
https://sf-maas-uat-prod.oss-cn-shanghai.aliyuncs.com/Model_LOGO/Tongyi.svg,Qwen,Qwen/Qwen2.5-32B-Instruct,Qwen2.5-32B-Instruct,2024-09-18,对话,chat,¥1.26 / M tokens,¥1.26 / M tokens,,,,32K,32B,False,True,True,True,False,微调,Qwen2.5-32B-Instruct 是阿里云发布的最新大语言模型系列之一。该 32B 模型在编码和数学等领域具有显著改进的能力。该模型还提供了多语言支持，覆盖超过 29 种语言，包括中文、英文等。模型在指令跟随、理解结构化数据以及生成结构化输出（尤其是 JSON）方面都有显著提升
https://sf-maas-uat-prod.oss-cn-shanghai.aliyuncs.com/Model_LOGO/Tongyi.svg,Qwen,Qwen/Qwen2.5-72B-Instruct,Qwen2.5-72B-Instruct,2024-09-17,对话,chat,¥4.13 / M tokens,¥4.13 / M tokens,,,,32K,72B,False,True,True,True,False,微调,Qwen2.5-72B-Instruct 是阿里云发布的最新大语言模型系列之一。该 72B 模型在编码和数学等领域具有显著改进的能力。该模型还提供了多语言支持，覆盖超过 29 种语言，包括中文、英文等。模型在指令跟随、理解结构化数据以及生成结构化输出（尤其是 JSON）方面都有显著提升
https://sf-maas-uat-prod.oss-cn-shanghai.aliyuncs.com/Model_LOGO/zhipu.svg,zai,THUDM/GLM-4-9B-0414,GLM-4-9B-0414,2025-04-13,对话,chat,¥0.0 / M tokens,¥0.0 / M tokens,,,,32K,9B,False,True,True,False,False,,GLM-4-9B-0414 是 GLM 系列的小型模型，拥有 90 亿参数。该模型继承了 GLM-4-32B 系列的技术特点，但提供了更轻量级的部署选择。尽管规模较小，GLM-4-9B-0414 仍在代码生成、网页设计、SVG 图形生成和基于搜索的写作等任务上展现出色能力。该模型还支持函数调用功能，可以调用外部工具以扩展其能力范围。模型在资源受限的场景中表现出良好的效率与效果平衡，为需要在计算资源有限条件下部署 AI 模型的用户提供了强大选择。与其他同系列模型一样，GLM-4-9B-0414 也展示了在各种基准测试中的竞争性能力
https://sf-maas-uat-prod.oss-cn-shanghai.aliyuncs.com/Model_LOGO/zhipu.svg,zai,THUDM/GLM-4-32B-0414,GLM-4-32B-0414,2025-04-13,对话,chat,¥1.89 / M tokens,¥1.89 / M tokens,,,,32K,32B,False,True,True,False,False,,GLM-4-32B-0414 是 GLM 系列的新一代开源模型，拥有 320 亿参数。该模型性能可与 OpenAI 的 GPT 系列和 DeepSeek 的 V3/R1 系列相媲美，并支持非常用户友好的本地部署功能。GLM-4-32B-Base-0414 是在 15T 高质量数据上预训练的，包括大量推理类型的合成数据，为后续的强化学习扩展奠定了基础。在后训练阶段，除了对话场景的人类偏好对齐外，研究团队还使用拒绝采样和强化学习等技术增强了模型在指令遵循、工程代码和函数调用方面的表现，加强了代理任务所需的原子能力。GLM-4-32B-0414 在工程代码、Artifact 生成、函数调用、基于搜索的问答和报告生成等领域取得了良好的成果，部分 Benchmark 指标已接近甚至超越 GPT-4o、DeepSeek-V3-0324（671B）等更大模型的水平
https://sf-maas-uat-prod.oss-cn-shanghai.aliyuncs.com/Model_LOGO/BAAI.svg,BAAI,BAAI/bge-m3,bge-m3,2024-01-27,对话,embedding,¥0.0 / M tokens,,,,,8K,0B,False,False,False,False,False,,BGE-M3 是一个多功能、多语言、多粒度的文本嵌入模型。它支持三种常见的检索功能：密集检索、多向量检索和稀疏检索。该模型可以处理超过100种语言，并且能够处理从短句到长达8192个词元的长文档等不同粒度的输入。BGE-M3在多语言和跨语言检索任务中表现出色，在 MIRACL 和 MKQA 等基准测试中取得了领先结果。它还具有处理长文档检索的能力，在 MLDR 和 NarritiveQA 等数据集上展现了优秀性能
https://sf-maas-uat-prod.oss-cn-shanghai.aliyuncs.com/Model_LOGO/BAAI.svg,BAAI,BAAI/bge-reranker-v2-m3,bge-reranker-v2-m3,2024-03-14,对话,reranker,¥0.0 / M tokens,,,,,8K,0B,False,False,False,False,False,,BAAI/bge-reranker-v2-m3 是一个轻量级的多语言重排序模型。它基于 bge-m3 模型开发，具有强大的多语言能力，易于部署，并且推理速度快。该模型采用查询和文档作为输入，直接输出相似度分数，而不是嵌入向量。它适用于多语言场景，特别是在中文和英文处理方面表现出色
https://sf-maas-uat-prod.oss-cn-shanghai.aliyuncs.com/Model_LOGO/Tongyi.svg,Qwen,Qwen/Qwen2.5-72B-Instruct-128K,Qwen2.5-72B-Instruct-128K,2024-09-17,对话,chat,¥4.13 / M tokens,¥4.13 / M tokens,,,,131K,72B,False,True,True,True,False,,Qwen2.5-72B-Instruct 是阿里云发布的最新大语言模型系列之一。该 72B 模型在编码和数学等领域具有显著改进的能力。它支持长达 128K tokens 的上下文。该模型还提供了多语言支持，覆盖超过 29 种语言，包括中文、英文等。模型在指令跟随、理解结构化数据以及生成结构化输出（尤其是 JSON）方面都有显著提升
https://sf-maas-uat-prod.oss-cn-shanghai.aliyuncs.com/Model_LOGO/BAAI.svg,BAAI,Pro/BAAI/bge-reranker-v2-m3,bge-reranker-v2-m3 (Pro),2024-03-14,对话,reranker,¥0.07 / M tokens,,,,,8K,0B,False,False,False,False,False,,BAAI/bge-reranker-v2-m3 是一个轻量级的多语言重排序模型。它基于 bge-m3 模型开发，具有强大的多语言能力，易于部署，并且推理速度快。该模型采用查询和文档作为输入，直接输出相似度分数，而不是嵌入向量。它适用于多语言场景，特别是在中文和英文处理方面表现出色
https://sf-maas-uat-prod.oss-cn-shanghai.aliyuncs.com/Model_LOGO/Tongyi.svg,Qwen,Pro/Qwen/Qwen2.5-7B-Instruct,Qwen2.5-7B-Instruct (Pro),2024-09-17,对话,chat,¥0.35 / M tokens,¥0.35 / M tokens,,,,32K,7B,False,True,True,True,False,微调,Qwen2.5-7B-Instruct 是阿里云发布的最新大语言模型系列之一。该 7B 模型在编码和数学等领域具有显著改进的能力。该模型还提供了多语言支持，覆盖超过 29 种语言，包括中文、英文等。模型在指令跟随、理解结构化数据以及生成结构化输出（尤其是 JSON）方面都有显著提升
https://sf-maas-uat-prod.oss-cn-shanghai.aliyuncs.com/Model_LOGO/BAAI.svg,BAAI,Pro/BAAI/bge-m3,bge-m3 (Pro),2024-01-27,对话,embedding,¥0.07 / M tokens,,,,,8K,0B,False,False,False,False,False,,BGE-M3 是一个多功能、多语言、多粒度的文本嵌入模型。它支持三种常见的检索功能：密集检索、多向量检索和稀疏检索。该模型可以处理超过100种语言，并且能够处理从短句到长达8192个词元的长文档等不同粒度的输入。BGE-M3在多语言和跨语言检索任务中表现出色，在 MIRACL 和 MKQA 等基准测试中取得了领先结果。它还具有处理长文档检索的能力，在 MLDR 和 NarritiveQA 等数据集上展现了优秀性能
https://sf-maas-uat-prod.oss-cn-shanghai.aliyuncs.com/Model_LOGO/BAAI.svg,BAAI,BAAI/bge-large-zh-v1.5,bge-large-zh-v1.5,2023-09-11,对话,embedding,¥0.0 / M tokens,,,,,512,0B,False,False,False,False,False,,BAAI/bge-large-zh-v1.5 是一个大型中文文本嵌入模型，是 BGE (BAAI General Embedding) 系列的一部分。该模型在 C-MTEB 基准测试中表现出色，在 31 个数据集上的平均得分为 64.53，在检索、语义相似度、文本对分类等多个任务中都取得了优异成绩。它支持最大 512 个 token 的输入长度，适用于各种中文自然语言处理任务，如文本检索、语义相似度计算等
https://sf-maas-uat-prod.oss-cn-shanghai.aliyuncs.com/Model_LOGO/BAAI.svg,BAAI,BAAI/bge-large-en-v1.5,bge-large-en-v1.5,2023-09-11,对话,embedding,¥0.0 / M tokens,,,,,512,0B,False,False,False,False,False,,BAAI/bge-large-en-v1.5 是一个大型英文文本嵌入模型，是 BGE (BAAI General Embedding) 系列的一部分。它在 MTEB 基准测试中取得了优异的表现，在 56 个数据集上的平均得分为 64.23，在检索、聚类、文本对分类等多个任务中表现出色。该模型支持最大 512 个 token 的输入长度，适用于各种自然语言处理任务，如文本检索、语义相似度计算等
